district,nonlearner,learner,both
SMS,71.13821138,9.491745714,49000,9.491745714
EMail,78.35051546,13.06681579,49000,8.711214474
Vedio,66.52806653,21.3848125,49000,10.69242344


